<?xml version = "1.0" encoding = "utf-8" ?>

<component name = "RowListContent" extends = "ContentNode" >
  <children >
    <ContentNode title = "Renderable Nodes" >      
      <ContentNode 
        HDPosterUrl = "pkg:/images/bird.jpg" 
        title = "Poster Node"/>
      <ContentNode 
        HDPosterUrl = "pkg:/images/flower.jpg" 
        title = "Poster Node"/>
      <ContentNode 
        HDPosterUrl = "pkg:/images/nature.jpg" 
        title = "Poster Node"/>
      <ContentNode 
        HDPosterUrl = "pkg:/images/sky.jpg" 
        title = "Poster Node"/>
      </ContentNode>
  </children>
</component>
