<?xml version = "1.0" encoding = "utf-8" ?>
<component name="listContent" extends="ContentNode">
    <children>
        <ContentNode title="Images">
            <ContentNode
                HDPosterUrl="pkg:/images/img1.jpg"
                title="Poster Node"/>
            <ContentNode
                HDPosterUrl="pkg:/images/img2.jpg"
                title="Poster Node"/>
            <ContentNode
                HDPosterUrl="pkg:/images/img3.jpg"
                title="Poster Node"/>
            <ContentNode
                HDPosterUrl="pkg:/images/img4.jpg"
                title="Poster Node"/>
            <ContentNode
                HDPosterUrl="pkg:/images/img5.jpg"
                title="Poster Node"/>
            <ContentNode
                HDPosterUrl="pkg:/images/img6.jpg"
                title="Poster Node"/>
            <ContentNode
                HDPosterUrl="pkg:/images/img7.jpg"
                title="Poster Node"/>
            <ContentNode
                HDPosterUrl="pkg:/images/img8.jpg"
                title="Poster Node"/>
            <ContentNode
                HDPosterUrl="pkg:/images/img9.jpg"
                title="Poster Node"/>
        </ContentNode>
        <!-- <Content>
            <item hdgridposterurl="pkg:/images/img3.jpg" shortdescriptionline1="Poster Node"/>
            <item hdgridposterurl="pkg:/images/img3.jpg" shortdescriptionline1="Poster Node"/>
            <item hdgridposterurl="pkg:/images/img3.jpg" shortdescriptionline1="Poster Node"/>
            <item hdgridposterurl="pkg:/images/img3.jpg" shortdescriptionline1="Poster Node"/>
        </Content> -->
    </children>  
</component>